"Pop / Idol , Ballad, Dance",Sculptures
"Rap/ Hip Hop, R&B / Soul, Rock / Metal",Paintings
"Pop, Ballad, R&B / Soul",Photography
"Pop, Rap/Hiphop, Indie",Art Design
"Idol, Ballad, Dance",Art Design
"Rap/ Hip Hop, R&B / Soul, Rock / Metal",Photography
"Pop, Idol, Ballad",Photography
"Pop, Ballad, Indie",Sculptures
"Pop, Dance, Rock / Metal",Photography
"Pop, Rap/Hiphop, R&B / Soul",Photography
"Pop, Ballad, Rap/Hiphop",Crafting
"Pop, Indie, Rock / Metal",Paintings
"Rap/Hiphop, R&B / Soul, Indie",Paintings
"Idol, Ballad, Dance",Art Design
"Rap/Hiphop, Indie, Rock / Metal",Art Design
"Ballad, Rap/Hiphop, R&B / Soul",Paintings
"Pop, Ballad",Photography
"Pop, Rap/Hiphop, Rock / Metal",Photography
"Ballad, Rap/Hiphop, R&B / Soul",Sculptures
"Ballad, Rap/Hiphop, Indie",Photography
"Pop, Ballad, Dance",Paintings
"Ballad, Rap/Hiphop, R&B / Soul",Art Design
"Pop, Ballad, Rap/Hiphop",Photography
"Pop, R&B / Soul, Rock / Metal",Photography
"Dance, Rap/Hiphop, Rock / Metal",Art Design
"Pop, Rap/Hiphop, Rock / Metal",Photography
"Idol, Ballad, Indie",Crafting
"Rap/Hiphop, R&B / Soul, Indie",Photography
"Idol, Ballad, Indie",Photography
"Rap/Hiphop, R&B / Soul, Indie",Art Design
"Pop, Ballad, R&B / Soul",Paintings
"Idol, Dance, R&B / Soul",Architecture
"Pop, Idol, Dance",Photography
"Pop, Idol, Rock / Metal",Art Design
"Pop, Ballad, Indie",Photography
"Pop, R&B / Soul, Rock / Metal",Sculptures
"Pop, Idol, Ballad",Photography
"Pop, Idol, Dance","Paintings, Photography"
"Pop, Idol, Ballad","Photography, Art Design"
"Idol, Dance, Rap/Hiphop",Photography
"Pop, R&B / Soul, Indie","Paintings, Sculptures, Photography, Art Design, Architecture"
"Pop, Ballad, R&B / Soul","Paintings, Photography"
"Idol, Ballad, Rap/Hiphop","Paintings, Photography"
"Pop, Dance, R&B / Soul","Art Design, Architecture"
"Pop, Idol, Ballad",Architecture
"Pop, Ballad, Instrumental, orchestral, ","Paintings, Sculptures, Photography, Art Design, Crafting, Architecture"
"Idol, Ballad, R&B / Soul",Art Design
"Pop, Dance, Kpop ",Art Design
"Pop, Ballad, R&B / Soul",Architecture
"Idol, Ballad, Dance",Photography
"Pop, Indie, TWICE","Paintings, Sculptures, Photography, Art Design, Crafting, Architecture"
"Pop, R&B / Soul, Rock / Metal","Paintings, Art Design"
"Pop, Idol, Dance",Paintings
"Pop, Ballad, Dance",Sculptures
"Pop, Ballad, R&B / Soul",Art Design
"Pop, Rap/Hiphop, R&B / Soul",Paintings
"Pop, Rap/Hiphop, R&B / Soul",Crafting
"Pop, Rap/Hiphop, R&B / Soul","Paintings, Art Design"
"Idol, Dance, Rock / Metal",Paintings
"Pop, Ballad, R&B / Soul",Crafting
"Pop, Dance, R&B / Soul","Art Design, Architecture"
"Pop, Rap/Hiphop, Indie",Paintings
"Idol, Ballad, Dance","Crafting, Architecture"
"Pop, Ballad, R&B / Soul","Paintings, Sculptures, Photography, Art Design, Crafting, Architecture"
"Pop, Idol, Trot",Photography
"Pop, Ballad, R&B / Soul",Paintings
"Idol, Ballad, Dance",Architecture
"Idol, Ballad, Dance",Art Design
"Pop, Dance, R&B / Soul","Photography, Crafting, Architecture"
"Pop, Ballad, R&B / Soul",Photography
"Pop, Dance, Rock / Metal",Art Design
"Pop, Ballad, Dance",Photography
"Pop, Ballad, Dance",Architecture
"Pop, Ballad, Indie",Architecture
"Pop, Dance, R&B / Soul",Paintings
"Dance, Rap/Hiphop, Rock / Metal","Paintings, Sculptures, Photography, Art Design, Crafting, Architecture"
"Pop, Rap/Hiphop, Indie",Architecture
"Pop, Idol, R&B / Soul","Paintings, Art Design, Crafting"
"Pop, Idol, Rap/Hiphop","Photography, Crafting, Architecture"
"Pop, Idol, Rap/Hiphop",Photography
"Pop, Idol, Ballad",Architecture
"Pop, Idol, Ballad",Architecture
"Ballad, R&B / Soul, Chinese",Food
"Pop, Ballad, Dance",Architecture
"Pop, Ballad, Indie",Paintings
"Idol, Ballad, Dance",Paintings
"Pop, Ballad, R&B / Soul",Art Design
"Pop, Idol, Rock / Metal",Architecture
"Pop, Rap/Hiphop, Indie",Photography
"Pop, Ballad, Rock / Metal",Architecture
"Pop, Ballad, Dance",Sculptures
"Pop, Rock / Metal, EDM",Art Design
"Pop, Idol, Ballad",Photography
"Pop, R&B / Soul, Rock / Metal",Crafting
"Idol, Ballad, Rap/Hiphop",Photography
"Pop, Idol, Dance",Paintings
"Ballad, Dance, Rap/Hiphop",Photography
"Pop, Rap/Hiphop, Rock / Metal",Paintings
"Pop, Ballad, Dance",Photography
"Pop, Dance, Indie",Art Design
"Pop, Rap/Hiphop, R&B / Soul",Photography
"Ballad, R&B / Soul, Indie",Photography
"Idol, Ballad, Dance",Architecture
"Dance, Rap/Hiphop, R&B / Soul",Architecture
"Pop, Indie, Rock / Metal",Crafting
"Pop, Ballad, Indie",Photography
"Ballad, R&B / Soul, Indie",Crafting
"Idol, Ballad, R&B / Soul",Art Design
"Pop, Dance, Indie",Paintings
"Pop, Rap/Hiphop, R&B / Soul",Paintings
"Idol, Ballad, Indie",Architecture
"Pop, Idol, Dance",Crafting
"Pop, Ballad, R&B / Soul",Crafting
"Ballad, R&B / Soul, Indie",Photography
"Idol, Dance, R&B / Soul",Architecture
"Pop, Idol, Dance",Photography
"Pop, Rap/Hiphop, R&B / Soul",Art Design
"Pop, Idol, Dance",Paintings
"Pop, Rap/Hiphop, R&B / Soul",Crafting
"Pop, Dance, Rock / Metal",Photography
"Pop, Idol, Ballad",Photography
"Pop, Rock / Metal",
"Pop, Rap/Hiphop, Rock / Metal",Architecture
"Pop, Ballad, Rap/Hiphop",Art Design
"Pop, Rap/Hiphop, Rock / Metal",Paintings
"Pop, Ballad, R&B / Soul",Paintings
"Pop, Ballad, Indie",Paintings
"Pop, Idol, Rock / Metal",Crafting
"Ballad, Dance, R&B / Soul",Art Design
"Pop, Idol, Dance",Photography
"Pop, Rap/Hiphop, R&B / Soul",Art Design
"Pop, Idol, Rap/Hiphop",Art Design
"Pop, Idol, Ballad",Art Design
"Pop, Ballad, Indie",Paintings
"Ballad, Rap/Hiphop, R&B / Soul",Photography
"Idol, Ballad, Indie",Photography
"Pop, Dance, Rap/Hiphop",Art Design
"Pop, Idol, Rock / Metal",Sculptures
"Pop, Idol, R&B / Soul",Paintings
"Rap/Hiphop, R&B / Soul, Indie",Paintings
"Pop, Idol, Indie",Photography
"Pop, Idol, Dance",
"Pop, Idol, Rock / Metal",Photography
"Pop, Rap/Hiphop, Indie",Photography
"Dance, Rap/Hiphop, Indie",Paintings
"Pop, Rap/Hiphop, R&B / Soul",Crafting
"Pop, Ballad, R&B / Soul",Paintings
"Pop, Idol, Dance",Sculptures
"Pop, Idol, Indie",Paintings
"Pop, R&B / Soul, Indie",Paintings
"Pop, Ballad, Rap/Hiphop",Photography
"Pop, Idol, Indie",Photography
"Pop, Indie, alternative",Photography
"Pop, Dance, Rock / Metal",Sculptures
"Idol, Rap/Hiphop, R&B / Soul",Photography
"Pop, Dance, Indie",Architecture
"Pop, R&B / Soul, Indie",Art Design
"Pop, Indie, alternative",Sculptures
"Pop, Indie, Lofi ",Art Design
"Idol, R&B / Soul, Indie",Art Design
"Pop, Rap/Hiphop, EDM",Photography
"Pop, Ballad, R&B / Soul",Paintings
"Pop, R&B / Soul, Indie",Paintings
"Pop, Idol, R&B / Soul",Art Design
"Pop, Rap/Hiphop, R&B / Soul",Paintings
"Idol, Dance, Indie",Photography
